"Link","Description","Price","Rating","Review"
"https://amazon.com/Montessori-Sensory-Teething-Learning-Developmental/dp/B0CD42KQ3K/ref=sr_1_1?dib=eyJ2IjoiMSJ9.8voq3NjF_eT5rw6eZQH9wG6243hE-bhRQUhxziYBIhm0vUbE7R7idyFTZr_WfeTwprbh9_plzgO5bZ2qV7s60FQYTP_Y4rJmr-GyZsY70_VGgnIbHEzu8v1_O3_TRd26ICbvHPE_9MdCvRWFz7oAwoXQE9Vj1dIW7UMpDOz6PGK7d-OEHOjtBW4edplF6HSVHxZZZXigj5xP8SOqI0Bl8u7byhEr7MZULbzZCwI0i3Y7wHghfhww8Cr_VBwq2sckRJzbPjZAd7y2YpD0VmbXhS862ZHm-cSyJi7vG6tCiho.KOgEPSEWVZ-l7t-xw4FuSaQyFuH1dzzI6XcuyMQ4CP0&dib_tag=se&qid=1733493152&rnid=2941120011&s=baby-products-intl-ship&sr=1-1","TOHIBEE Baby Montessori Sensory Toys for 0-6 6-12 Months, Food Grade Teething Toys for Babies 0 3 6 9 12 18 Months, Newborn Infant Learning Developmental Toys Gifts for 1 2 Year Old Boys Girls","12.","4.6 ",NA
"https://amazon.com/WaterWipes-Sensitive-Wipes-Count-Packs/dp/B008KJEYLO/ref=sr_1_2?dib=eyJ2IjoiMSJ9.8voq3NjF_eT5rw6eZQH9wG6243hE-bhRQUhxziYBIhm0vUbE7R7idyFTZr_WfeTwprbh9_plzgO5bZ2qV7s60FQYTP_Y4rJmr-GyZsY70_VGgnIbHEzu8v1_O3_TRd26ICbvHPE_9MdCvRWFz7oAwoXQE9Vj1dIW7UMpDOz6PGK7d-OEHOjtBW4edplF6HSVHxZZZXigj5xP8SOqI0Bl8u7byhEr7MZULbzZCwI0i3Y7wHghfhww8Cr_VBwq2sckRJzbPjZAd7y2YpD0VmbXhS862ZHm-cSyJi7vG6tCiho.KOgEPSEWVZ-l7t-xw4FuSaQyFuH1dzzI6XcuyMQ4CP0&dib_tag=se&qid=1733493152&rnid=2941120011&s=baby-products-intl-ship&sr=1-2","WaterWipes Plastic-Free Original Baby Wipes, 99.9% Water Based Wipes, Unscented & Hypoallergenic for Sensitive Skin, 60 Count (Pack of 12), Packaging May Vary","39.","4.7 ",NA
"https://amazon.com/Unscented-Huggies-Simply-Fragrance-Free-Diaper/dp/B08QRKY3NJ/ref=sr_1_3?dib=eyJ2IjoiMSJ9.8voq3NjF_eT5rw6eZQH9wG6243hE-bhRQUhxziYBIhm0vUbE7R7idyFTZr_WfeTwprbh9_plzgO5bZ2qV7s60FQYTP_Y4rJmr-GyZsY70_VGgnIbHEzu8v1_O3_TRd26ICbvHPE_9MdCvRWFz7oAwoXQE9Vj1dIW7UMpDOz6PGK7d-OEHOjtBW4edplF6HSVHxZZZXigj5xP8SOqI0Bl8u7byhEr7MZULbzZCwI0i3Y7wHghfhww8Cr_VBwq2sckRJzbPjZAd7y2YpD0VmbXhS862ZHm-cSyJi7vG6tCiho.KOgEPSEWVZ-l7t-xw4FuSaQyFuH1dzzI6XcuyMQ4CP0&dib_tag=se&qid=1733493152&rnid=2941120011&s=baby-products-intl-ship&sr=1-3","Huggies Simply Clean Fragrance-Free Baby Wipes, Unscented Diaper Wipes, 11 Flip-Top Packs (704 Wipes Total)","16.","4.7 ",NA
"https://amazon.com/HUGGIES-Natural-Unscented-Sensitive-Water-Based/dp/B07SCL613T/ref=sr_1_4?dib=eyJ2IjoiMSJ9.8voq3NjF_eT5rw6eZQH9wG6243hE-bhRQUhxziYBIhm0vUbE7R7idyFTZr_WfeTwprbh9_plzgO5bZ2qV7s60FQYTP_Y4rJmr-GyZsY70_VGgnIbHEzu8v1_O3_TRd26ICbvHPE_9MdCvRWFz7oAwoXQE9Vj1dIW7UMpDOz6PGK7d-OEHOjtBW4edplF6HSVHxZZZXigj5xP8SOqI0Bl8u7byhEr7MZULbzZCwI0i3Y7wHghfhww8Cr_VBwq2sckRJzbPjZAd7y2YpD0VmbXhS862ZHm-cSyJi7vG6tCiho.KOgEPSEWVZ-l7t-xw4FuSaQyFuH1dzzI6XcuyMQ4CP0&dib_tag=se&qid=1733493152&rnid=2941120011&s=baby-products-intl-ship&sr=1-4","Huggies Natural Care Sensitive Baby Wipes, Unscented, Hypoallergenic, 99% Purified Water, 12 Flip-Top Packs (768 Wipes Total), Packaging May Vary","21.","4.8 ",NA
"https://amazon.com/Digital-Infrared-Baby-Thermometer-Forehead/dp/B0824XNJSW/ref=sr_1_5?dib=eyJ2IjoiMSJ9.8voq3NjF_eT5rw6eZQH9wG6243hE-bhRQUhxziYBIhm0vUbE7R7idyFTZr_WfeTwprbh9_plzgO5bZ2qV7s60FQYTP_Y4rJmr-GyZsY70_VGgnIbHEzu8v1_O3_TRd26ICbvHPE_9MdCvRWFz7oAwoXQE9Vj1dIW7UMpDOz6PGK7d-OEHOjtBW4edplF6HSVHxZZZXigj5xP8SOqI0Bl8u7byhEr7MZULbzZCwI0i3Y7wHghfhww8Cr_VBwq2sckRJzbPjZAd7y2YpD0VmbXhS862ZHm-cSyJi7vG6tCiho.KOgEPSEWVZ-l7t-xw4FuSaQyFuH1dzzI6XcuyMQ4CP0&dib_tag=se&qid=1733493152&rnid=2941120011&s=baby-products-intl-ship&sr=1-5","No-Touch Thermometer for Adults and Kids, Accurate Digital Baby Thermometer, FSA HSA Eligible, Fever Alarm & Silent Mode, 2 in 1 Forehead & Object Thermometer","19.","4.5 ",NA
"https://amazon.com/Amazon-Family-Baby-Registry-Welcome/dp/B00N1NBOV2/ref=sr_1_6?dib=eyJ2IjoiMSJ9.8voq3NjF_eT5rw6eZQH9wG6243hE-bhRQUhxziYBIhm0vUbE7R7idyFTZr_WfeTwprbh9_plzgO5bZ2qV7s60FQYTP_Y4rJmr-GyZsY70_VGgnIbHEzu8v1_O3_TRd26ICbvHPE_9MdCvRWFz7oAwoXQE9Vj1dIW7UMpDOz6PGK7d-OEHOjtBW4edplF6HSVHxZZZXigj5xP8SOqI0Bl8u7byhEr7MZULbzZCwI0i3Y7wHghfhww8Cr_VBwq2sckRJzbPjZAd7y2YpD0VmbXhS862ZHm-cSyJi7vG6tCiho.KOgEPSEWVZ-l7t-xw4FuSaQyFuH1dzzI6XcuyMQ4CP0&dib_tag=se&qid=1733493152&rnid=2941120011&s=baby-products-intl-ship&sr=1-6","Amazon Baby Registry Welcome Box","35.","3.7 ","I received this package for free since I am a prime member and have a registry with Amazon. It became available right after I purchased some diapers, so in order to receive it someone/you have to buy something from your registry valued $10 or more. Well, I was very excited to receive it. Even though it wasn't a two day shipping the package arrived a few days earlier than expected, which is awesome. I was really surprised with all the stuff they sent us, some even in original sizes. I am very satisfied with it and really glad I chose to do an Amazon baby registry. I will try all the products once the baby arrives and leave reviews to all the items that came in the box.I received:2 Seventh Generation diapers1 (56 count package) Huggies natural care wipes.2 Sets of 2 Avent Nursing pads (a night time set and a day time set) with a very useful nursing guide.1 set of 2 Latch Nursing pads by Munchkin.1 4oz Avent Bottle.1 Pampers Sample set with a cute little wrist bag, a newborn diaper and a 6 count package of sensitive wipes.1 Aveeno Baby lotion (1fl. oz.)1 Dove Baby tip to toe wash (1.8 fl. oz.)1 Seventh Generation lotion (.5 fl. oz.)1 Swaddle blanket from Swaddle Designs!!!!For Mom:1 Bliss triple oxygen energizing mask (.16 fl. oz.)I've tried this mask before and love it!!!1 La Roche-Posay soothing repairing balm (2ml)Isn't this awesome???I've seen so many women complaining about his box, not sure why people complain about some cool free stuff. I love it, it's worth it. I'm blown away at how much stuff comes in the box and all good quality stuff.I'm a happy Mama! Thanks Amazon!"
"https://amazon.com/Amazon-Family-Baby-Registry-Welcome/dp/B00N1NBOV2/ref=sr_1_6?dib=eyJ2IjoiMSJ9.8voq3NjF_eT5rw6eZQH9wG6243hE-bhRQUhxziYBIhm0vUbE7R7idyFTZr_WfeTwprbh9_plzgO5bZ2qV7s60FQYTP_Y4rJmr-GyZsY70_VGgnIbHEzu8v1_O3_TRd26ICbvHPE_9MdCvRWFz7oAwoXQE9Vj1dIW7UMpDOz6PGK7d-OEHOjtBW4edplF6HSVHxZZZXigj5xP8SOqI0Bl8u7byhEr7MZULbzZCwI0i3Y7wHghfhww8Cr_VBwq2sckRJzbPjZAd7y2YpD0VmbXhS862ZHm-cSyJi7vG6tCiho.KOgEPSEWVZ-l7t-xw4FuSaQyFuH1dzzI6XcuyMQ4CP0&dib_tag=se&qid=1733493152&rnid=2941120011&s=baby-products-intl-ship&sr=1-6","Amazon Baby Registry Welcome Box","35.","3.7 ","Read more"
"https://amazon.com/Amazon-Family-Baby-Registry-Welcome/dp/B00N1NBOV2/ref=sr_1_6?dib=eyJ2IjoiMSJ9.8voq3NjF_eT5rw6eZQH9wG6243hE-bhRQUhxziYBIhm0vUbE7R7idyFTZr_WfeTwprbh9_plzgO5bZ2qV7s60FQYTP_Y4rJmr-GyZsY70_VGgnIbHEzu8v1_O3_TRd26ICbvHPE_9MdCvRWFz7oAwoXQE9Vj1dIW7UMpDOz6PGK7d-OEHOjtBW4edplF6HSVHxZZZXigj5xP8SOqI0Bl8u7byhEr7MZULbzZCwI0i3Y7wHghfhww8Cr_VBwq2sckRJzbPjZAd7y2YpD0VmbXhS862ZHm-cSyJi7vG6tCiho.KOgEPSEWVZ-l7t-xw4FuSaQyFuH1dzzI6XcuyMQ4CP0&dib_tag=se&qid=1733493152&rnid=2941120011&s=baby-products-intl-ship&sr=1-6","Amazon Baby Registry Welcome Box","35.","3.7 ","I first heard of these boxes from YouTube reviews and saw that the boxes were filled with lots of deluxe size samples as well as full size products. This box claims to be a $35 value and is very hit or miss, me and my babyâ€™s father both created a registry and unknowingly each received a registry welcome box.The first box we received included; 1 Swaddle Designs swaddle blanket, 2 moon and back onesies, 1 mam bottle, 1 boon bottle, 1 pampers registry gift bag with 1 diaper, sample wipes, gift bag and coupons, 1 Huggies diaper sample, water wipes travel pack, honest diaper sample with 2 diapers, 1 cetaphil baby lotion sample, 1 honest baby wash sample, scent nursing pads day and night, 1 dreft sample, 1 nuk pacifier and lots of coupons.The second box we received was complete trash including; 1 open mam bottle, 1 open pampers registry bag with coupons and paper wrapper, empty wrappers for 1 avent bottle, empty wrapper for nursing pads and 1 empty honest lotion sample. I contacted customer service letting them know my box was just full of trash and they let me know I could order a replacement but I need to shop back the old box.I just received the replacement box which included; 1 swaddle designs swaddle blanket, 1 avent bottle, 1 set of nursing disposable nursing pads, 1 set of sample water wipes, 1 honest lotion sample, 1 dreft sample.Iâ€™m not one to complain about getting things for free especially because we got 2 boxes. Older boxes were filled with so many items and had amazing reviews. The 1st box we received had fewer items but still very amazing and worth the $35 value. The 2nd box unfortunately was filled with just trash and open/used items. I was very pleased that I was given the option to get a replacement which although not as good as the 1st box still had useful items but is not worth the $35 value."
"https://amazon.com/Amazon-Family-Baby-Registry-Welcome/dp/B00N1NBOV2/ref=sr_1_6?dib=eyJ2IjoiMSJ9.8voq3NjF_eT5rw6eZQH9wG6243hE-bhRQUhxziYBIhm0vUbE7R7idyFTZr_WfeTwprbh9_plzgO5bZ2qV7s60FQYTP_Y4rJmr-GyZsY70_VGgnIbHEzu8v1_O3_TRd26ICbvHPE_9MdCvRWFz7oAwoXQE9Vj1dIW7UMpDOz6PGK7d-OEHOjtBW4edplF6HSVHxZZZXigj5xP8SOqI0Bl8u7byhEr7MZULbzZCwI0i3Y7wHghfhww8Cr_VBwq2sckRJzbPjZAd7y2YpD0VmbXhS862ZHm-cSyJi7vG6tCiho.KOgEPSEWVZ-l7t-xw4FuSaQyFuH1dzzI6XcuyMQ4CP0&dib_tag=se&qid=1733493152&rnid=2941120011&s=baby-products-intl-ship&sr=1-6","Amazon Baby Registry Welcome Box","35.","3.7 ","Read more"
"https://amazon.com/Amazon-Family-Baby-Registry-Welcome/dp/B00N1NBOV2/ref=sr_1_6?dib=eyJ2IjoiMSJ9.8voq3NjF_eT5rw6eZQH9wG6243hE-bhRQUhxziYBIhm0vUbE7R7idyFTZr_WfeTwprbh9_plzgO5bZ2qV7s60FQYTP_Y4rJmr-GyZsY70_VGgnIbHEzu8v1_O3_TRd26ICbvHPE_9MdCvRWFz7oAwoXQE9Vj1dIW7UMpDOz6PGK7d-OEHOjtBW4edplF6HSVHxZZZXigj5xP8SOqI0Bl8u7byhEr7MZULbzZCwI0i3Y7wHghfhww8Cr_VBwq2sckRJzbPjZAd7y2YpD0VmbXhS862ZHm-cSyJi7vG6tCiho.KOgEPSEWVZ-l7t-xw4FuSaQyFuH1dzzI6XcuyMQ4CP0&dib_tag=se&qid=1733493152&rnid=2941120011&s=baby-products-intl-ship&sr=1-6","Amazon Baby Registry Welcome Box","35.","3.7 ","I was throughly impressed with the delivery, gift box presentation and gift items. Initially my expectations were low, as the box was free. Amazon went above and beyond with the free registry gift box. After creating a registry, I purchased $10 worth of Palmer's lotions to qualify for the Welcome Box. I added the box to my chart, but my account had the $35 charge. I tried once more and Zero balance. The box arrived within eight days in a decorated cardboard box with white tissue wrapping inside.  I received the following:Amazon sensitive baby wipes, 80ctAquaphor advanced therapy lotion, .03ozAvent natural bottle, 4ozAveno Baby daily moisture lotion, 1ozMunchkin latch nursing pads, 2ctOball o-copter toyPampers soft diaper clutchPampers newborn diaper, 1ctPampers sensitive wipes, 6ctSwaddleDesigns Muslin Swaddle blanket, hedgehog 46""x46""I totaled the value of the items via Amazon's current prices, which comes to $23.51 (includes items if individually sold per count/ounce). I did not include the clutch value, as it's not individually sold. Yet the gift box is below the advertised value, it doesn't matter. The gift items were more than I expected, especially with the full size swaddle blanket and wipes. I have a registry with a big box store, and their free gift swag consists of travel size/samples of diapers, lotions, small bottle and coupons. Though Amazon requires a purchase of at least $10 from their registry, I saved on my order. The lotions were cheaper than at a big box store.  Well done Amazon!  Happy mom-to-be!!"
"https://amazon.com/Amazon-Family-Baby-Registry-Welcome/dp/B00N1NBOV2/ref=sr_1_6?dib=eyJ2IjoiMSJ9.8voq3NjF_eT5rw6eZQH9wG6243hE-bhRQUhxziYBIhm0vUbE7R7idyFTZr_WfeTwprbh9_plzgO5bZ2qV7s60FQYTP_Y4rJmr-GyZsY70_VGgnIbHEzu8v1_O3_TRd26ICbvHPE_9MdCvRWFz7oAwoXQE9Vj1dIW7UMpDOz6PGK7d-OEHOjtBW4edplF6HSVHxZZZXigj5xP8SOqI0Bl8u7byhEr7MZULbzZCwI0i3Y7wHghfhww8Cr_VBwq2sckRJzbPjZAd7y2YpD0VmbXhS862ZHm-cSyJi7vG6tCiho.KOgEPSEWVZ-l7t-xw4FuSaQyFuH1dzzI6XcuyMQ4CP0&dib_tag=se&qid=1733493152&rnid=2941120011&s=baby-products-intl-ship&sr=1-6","Amazon Baby Registry Welcome Box","35.","3.7 ","Read more"
"https://amazon.com/Amazon-Family-Baby-Registry-Welcome/dp/B00N1NBOV2/ref=sr_1_6?dib=eyJ2IjoiMSJ9.8voq3NjF_eT5rw6eZQH9wG6243hE-bhRQUhxziYBIhm0vUbE7R7idyFTZr_WfeTwprbh9_plzgO5bZ2qV7s60FQYTP_Y4rJmr-GyZsY70_VGgnIbHEzu8v1_O3_TRd26ICbvHPE_9MdCvRWFz7oAwoXQE9Vj1dIW7UMpDOz6PGK7d-OEHOjtBW4edplF6HSVHxZZZXigj5xP8SOqI0Bl8u7byhEr7MZULbzZCwI0i3Y7wHghfhww8Cr_VBwq2sckRJzbPjZAd7y2YpD0VmbXhS862ZHm-cSyJi7vG6tCiho.KOgEPSEWVZ-l7t-xw4FuSaQyFuH1dzzI6XcuyMQ4CP0&dib_tag=se&qid=1733493152&rnid=2941120011&s=baby-products-intl-ship&sr=1-6","Amazon Baby Registry Welcome Box","35.","3.7 ","(In Canada) I was assured that this would be free as part of the baby registry program however it was not. That said, even if itâ€™d been free it would barely be worth it. Coupons do not work in Canada."
"https://amazon.com/Amazon-Family-Baby-Registry-Welcome/dp/B00N1NBOV2/ref=sr_1_6?dib=eyJ2IjoiMSJ9.8voq3NjF_eT5rw6eZQH9wG6243hE-bhRQUhxziYBIhm0vUbE7R7idyFTZr_WfeTwprbh9_plzgO5bZ2qV7s60FQYTP_Y4rJmr-GyZsY70_VGgnIbHEzu8v1_O3_TRd26ICbvHPE_9MdCvRWFz7oAwoXQE9Vj1dIW7UMpDOz6PGK7d-OEHOjtBW4edplF6HSVHxZZZXigj5xP8SOqI0Bl8u7byhEr7MZULbzZCwI0i3Y7wHghfhww8Cr_VBwq2sckRJzbPjZAd7y2YpD0VmbXhS862ZHm-cSyJi7vG6tCiho.KOgEPSEWVZ-l7t-xw4FuSaQyFuH1dzzI6XcuyMQ4CP0&dib_tag=se&qid=1733493152&rnid=2941120011&s=baby-products-intl-ship&sr=1-6","Amazon Baby Registry Welcome Box","35.","3.7 ","Read more"
"https://amazon.com/Munchkin-Float-Play-Bubbles-Count/dp/B00I3K25R0/ref=sr_1_7?dib=eyJ2IjoiMSJ9.8voq3NjF_eT5rw6eZQH9wG6243hE-bhRQUhxziYBIhm0vUbE7R7idyFTZr_WfeTwprbh9_plzgO5bZ2qV7s60FQYTP_Y4rJmr-GyZsY70_VGgnIbHEzu8v1_O3_TRd26ICbvHPE_9MdCvRWFz7oAwoXQE9Vj1dIW7UMpDOz6PGK7d-OEHOjtBW4edplF6HSVHxZZZXigj5xP8SOqI0Bl8u7byhEr7MZULbzZCwI0i3Y7wHghfhww8Cr_VBwq2sckRJzbPjZAd7y2YpD0VmbXhS862ZHm-cSyJi7vG6tCiho.KOgEPSEWVZ-l7t-xw4FuSaQyFuH1dzzI6XcuyMQ4CP0&dib_tag=se&qid=1733493152&rnid=2941120011&s=baby-products-intl-ship&sr=1-7","MunchkinÂ® Float & Play Bubblesâ„¢ Baby and Toddler Bath Toy, 4 Count","6.","4.8 ",NA
"https://amazon.com/Baby-Toys-Infant-Crawling-Crab/dp/B0B5XPFKC3/ref=sr_1_8?dib=eyJ2IjoiMSJ9.8voq3NjF_eT5rw6eZQH9wG6243hE-bhRQUhxziYBIhm0vUbE7R7idyFTZr_WfeTwprbh9_plzgO5bZ2qV7s60FQYTP_Y4rJmr-GyZsY70_VGgnIbHEzu8v1_O3_TRd26ICbvHPE_9MdCvRWFz7oAwoXQE9Vj1dIW7UMpDOz6PGK7d-OEHOjtBW4edplF6HSVHxZZZXigj5xP8SOqI0Bl8u7byhEr7MZULbzZCwI0i3Y7wHghfhww8Cr_VBwq2sckRJzbPjZAd7y2YpD0VmbXhS862ZHm-cSyJi7vG6tCiho.KOgEPSEWVZ-l7t-xw4FuSaQyFuH1dzzI6XcuyMQ4CP0&dib_tag=se&qid=1733493152&rnid=2941120011&s=baby-products-intl-ship&sr=1-8","control future Crawling Crab Baby Toy - Infant Tummy Time Toys 3 4 5 6 7 8 9 10 11 12 Babies Boy 3-6 6-12 Learning Crawl 9-12 12-18 Walking Toddler 36 Months Old Music Development 1st Birthday Gifts","19.","4.2 ",NA
"https://amazon.com/BEBECAN-Teething-Silicone-Cleaning-Necessities/dp/B09H5MKPP4/ref=sr_1_9?dib=eyJ2IjoiMSJ9.8voq3NjF_eT5rw6eZQH9wG6243hE-bhRQUhxziYBIhm0vUbE7R7idyFTZr_WfeTwprbh9_plzgO5bZ2qV7s60FQYTP_Y4rJmr-GyZsY70_VGgnIbHEzu8v1_O3_TRd26ICbvHPE_9MdCvRWFz7oAwoXQE9Vj1dIW7UMpDOz6PGK7d-OEHOjtBW4edplF6HSVHxZZZXigj5xP8SOqI0Bl8u7byhEr7MZULbzZCwI0i3Y7wHghfhww8Cr_VBwq2sckRJzbPjZAd7y2YpD0VmbXhS862ZHm-cSyJi7vG6tCiho.KOgEPSEWVZ-l7t-xw4FuSaQyFuH1dzzI6XcuyMQ4CP0&dib_tag=se&qid=1733493152&rnid=2941120011&s=baby-products-intl-ship&sr=1-9","Teething Sticks for Babies 0-36 Months - Super Soft Silicone Teethers in 6 Vibrant Colors, Infant Teething Relief, Multicolored Teething Tubes Baby Gift Teethers","9.","4.8 ","I was so happy to find a product like this since my babies molars are coming in, and there's not many chew toys available that reach past the front teeth. I love that it comes with a brush to clean them. They're easy to hold, easy to clean and my 20 month old likes them. Great value, very happy with the price. Yes there are durable.These little chew tubes were perfect for teething! My little girl loved these I had one in my purse, the car, his bedroom, the camper, the toy room, his strollerðŸ˜… they are so flexible and bendy. I think they are pretty safe ans super easy to clean! They didn't have that weird rubbery smell that some toys have. Over all this is a great product and an awesome value for your money!!"
"https://amazon.com/BEBECAN-Teething-Silicone-Cleaning-Necessities/dp/B09H5MKPP4/ref=sr_1_9?dib=eyJ2IjoiMSJ9.8voq3NjF_eT5rw6eZQH9wG6243hE-bhRQUhxziYBIhm0vUbE7R7idyFTZr_WfeTwprbh9_plzgO5bZ2qV7s60FQYTP_Y4rJmr-GyZsY70_VGgnIbHEzu8v1_O3_TRd26ICbvHPE_9MdCvRWFz7oAwoXQE9Vj1dIW7UMpDOz6PGK7d-OEHOjtBW4edplF6HSVHxZZZXigj5xP8SOqI0Bl8u7byhEr7MZULbzZCwI0i3Y7wHghfhww8Cr_VBwq2sckRJzbPjZAd7y2YpD0VmbXhS862ZHm-cSyJi7vG6tCiho.KOgEPSEWVZ-l7t-xw4FuSaQyFuH1dzzI6XcuyMQ4CP0&dib_tag=se&qid=1733493152&rnid=2941120011&s=baby-products-intl-ship&sr=1-9","Teething Sticks for Babies 0-36 Months - Super Soft Silicone Teethers in 6 Vibrant Colors, Infant Teething Relief, Multicolored Teething Tubes Baby Gift Teethers","9.","4.8 ","Read more"
"https://amazon.com/BEBECAN-Teething-Silicone-Cleaning-Necessities/dp/B09H5MKPP4/ref=sr_1_9?dib=eyJ2IjoiMSJ9.8voq3NjF_eT5rw6eZQH9wG6243hE-bhRQUhxziYBIhm0vUbE7R7idyFTZr_WfeTwprbh9_plzgO5bZ2qV7s60FQYTP_Y4rJmr-GyZsY70_VGgnIbHEzu8v1_O3_TRd26ICbvHPE_9MdCvRWFz7oAwoXQE9Vj1dIW7UMpDOz6PGK7d-OEHOjtBW4edplF6HSVHxZZZXigj5xP8SOqI0Bl8u7byhEr7MZULbzZCwI0i3Y7wHghfhww8Cr_VBwq2sckRJzbPjZAd7y2YpD0VmbXhS862ZHm-cSyJi7vG6tCiho.KOgEPSEWVZ-l7t-xw4FuSaQyFuH1dzzI6XcuyMQ4CP0&dib_tag=se&qid=1733493152&rnid=2941120011&s=baby-products-intl-ship&sr=1-9","Teething Sticks for Babies 0-36 Months - Super Soft Silicone Teethers in 6 Vibrant Colors, Infant Teething Relief, Multicolored Teething Tubes Baby Gift Teethers","9.","4.8 ","My child has liked these so much that we have purchased three sets! They are durable, easy to clean and easy for his little hands to hold onto. The value for the money is great because 6 come in a package and theyâ€™re normally under $10â€“Iâ€™ve saved one in my cart and watched until the price went down to $6 to purchase. They are soft and flexible & really seem to help my son through the tough teething times."
"https://amazon.com/BEBECAN-Teething-Silicone-Cleaning-Necessities/dp/B09H5MKPP4/ref=sr_1_9?dib=eyJ2IjoiMSJ9.8voq3NjF_eT5rw6eZQH9wG6243hE-bhRQUhxziYBIhm0vUbE7R7idyFTZr_WfeTwprbh9_plzgO5bZ2qV7s60FQYTP_Y4rJmr-GyZsY70_VGgnIbHEzu8v1_O3_TRd26ICbvHPE_9MdCvRWFz7oAwoXQE9Vj1dIW7UMpDOz6PGK7d-OEHOjtBW4edplF6HSVHxZZZXigj5xP8SOqI0Bl8u7byhEr7MZULbzZCwI0i3Y7wHghfhww8Cr_VBwq2sckRJzbPjZAd7y2YpD0VmbXhS862ZHm-cSyJi7vG6tCiho.KOgEPSEWVZ-l7t-xw4FuSaQyFuH1dzzI6XcuyMQ4CP0&dib_tag=se&qid=1733493152&rnid=2941120011&s=baby-products-intl-ship&sr=1-9","Teething Sticks for Babies 0-36 Months - Super Soft Silicone Teethers in 6 Vibrant Colors, Infant Teething Relief, Multicolored Teething Tubes Baby Gift Teethers","9.","4.8 ","Read more"
"https://amazon.com/BEBECAN-Teething-Silicone-Cleaning-Necessities/dp/B09H5MKPP4/ref=sr_1_9?dib=eyJ2IjoiMSJ9.8voq3NjF_eT5rw6eZQH9wG6243hE-bhRQUhxziYBIhm0vUbE7R7idyFTZr_WfeTwprbh9_plzgO5bZ2qV7s60FQYTP_Y4rJmr-GyZsY70_VGgnIbHEzu8v1_O3_TRd26ICbvHPE_9MdCvRWFz7oAwoXQE9Vj1dIW7UMpDOz6PGK7d-OEHOjtBW4edplF6HSVHxZZZXigj5xP8SOqI0Bl8u7byhEr7MZULbzZCwI0i3Y7wHghfhww8Cr_VBwq2sckRJzbPjZAd7y2YpD0VmbXhS862ZHm-cSyJi7vG6tCiho.KOgEPSEWVZ-l7t-xw4FuSaQyFuH1dzzI6XcuyMQ4CP0&dib_tag=se&qid=1733493152&rnid=2941120011&s=baby-products-intl-ship&sr=1-9","Teething Sticks for Babies 0-36 Months - Super Soft Silicone Teethers in 6 Vibrant Colors, Infant Teething Relief, Multicolored Teething Tubes Baby Gift Teethers","9.","4.8 ","My 7 month old is starting to teethe and these have been an amazing toy for her to have!! She can hold it easily! Itâ€™s so bendy and flexible she can chew it with no issues and actually chew on it for hours! Itâ€™s all rubber/silicon so very easy to clean and even comes with brushes to clean the inside out !! Def recommended!"
"https://amazon.com/BEBECAN-Teething-Silicone-Cleaning-Necessities/dp/B09H5MKPP4/ref=sr_1_9?dib=eyJ2IjoiMSJ9.8voq3NjF_eT5rw6eZQH9wG6243hE-bhRQUhxziYBIhm0vUbE7R7idyFTZr_WfeTwprbh9_plzgO5bZ2qV7s60FQYTP_Y4rJmr-GyZsY70_VGgnIbHEzu8v1_O3_TRd26ICbvHPE_9MdCvRWFz7oAwoXQE9Vj1dIW7UMpDOz6PGK7d-OEHOjtBW4edplF6HSVHxZZZXigj5xP8SOqI0Bl8u7byhEr7MZULbzZCwI0i3Y7wHghfhww8Cr_VBwq2sckRJzbPjZAd7y2YpD0VmbXhS862ZHm-cSyJi7vG6tCiho.KOgEPSEWVZ-l7t-xw4FuSaQyFuH1dzzI6XcuyMQ4CP0&dib_tag=se&qid=1733493152&rnid=2941120011&s=baby-products-intl-ship&sr=1-9","Teething Sticks for Babies 0-36 Months - Super Soft Silicone Teethers in 6 Vibrant Colors, Infant Teething Relief, Multicolored Teething Tubes Baby Gift Teethers","9.","4.8 ","Read more"
"https://amazon.com/BEBECAN-Teething-Silicone-Cleaning-Necessities/dp/B09H5MKPP4/ref=sr_1_9?dib=eyJ2IjoiMSJ9.8voq3NjF_eT5rw6eZQH9wG6243hE-bhRQUhxziYBIhm0vUbE7R7idyFTZr_WfeTwprbh9_plzgO5bZ2qV7s60FQYTP_Y4rJmr-GyZsY70_VGgnIbHEzu8v1_O3_TRd26ICbvHPE_9MdCvRWFz7oAwoXQE9Vj1dIW7UMpDOz6PGK7d-OEHOjtBW4edplF6HSVHxZZZXigj5xP8SOqI0Bl8u7byhEr7MZULbzZCwI0i3Y7wHghfhww8Cr_VBwq2sckRJzbPjZAd7y2YpD0VmbXhS862ZHm-cSyJi7vG6tCiho.KOgEPSEWVZ-l7t-xw4FuSaQyFuH1dzzI6XcuyMQ4CP0&dib_tag=se&qid=1733493152&rnid=2941120011&s=baby-products-intl-ship&sr=1-9","Teething Sticks for Babies 0-36 Months - Super Soft Silicone Teethers in 6 Vibrant Colors, Infant Teething Relief, Multicolored Teething Tubes Baby Gift Teethers","9.","4.8 ","We are big fans of these teething sticks! My little girl chews on them all day long. The colors are cute and attractive, they are very soft, and she's a fan of the textures. I think they are a good size for little hands and mouths. I also like that they come with a cleaning straw for all the spit"
"https://amazon.com/BEBECAN-Teething-Silicone-Cleaning-Necessities/dp/B09H5MKPP4/ref=sr_1_9?dib=eyJ2IjoiMSJ9.8voq3NjF_eT5rw6eZQH9wG6243hE-bhRQUhxziYBIhm0vUbE7R7idyFTZr_WfeTwprbh9_plzgO5bZ2qV7s60FQYTP_Y4rJmr-GyZsY70_VGgnIbHEzu8v1_O3_TRd26ICbvHPE_9MdCvRWFz7oAwoXQE9Vj1dIW7UMpDOz6PGK7d-OEHOjtBW4edplF6HSVHxZZZXigj5xP8SOqI0Bl8u7byhEr7MZULbzZCwI0i3Y7wHghfhww8Cr_VBwq2sckRJzbPjZAd7y2YpD0VmbXhS862ZHm-cSyJi7vG6tCiho.KOgEPSEWVZ-l7t-xw4FuSaQyFuH1dzzI6XcuyMQ4CP0&dib_tag=se&qid=1733493152&rnid=2941120011&s=baby-products-intl-ship&sr=1-9","Teething Sticks for Babies 0-36 Months - Super Soft Silicone Teethers in 6 Vibrant Colors, Infant Teething Relief, Multicolored Teething Tubes Baby Gift Teethers","9.","4.8 ","Read more"
"https://amazon.com/BEBECAN-Teething-Silicone-Cleaning-Necessities/dp/B09H5MKPP4/ref=sr_1_9?dib=eyJ2IjoiMSJ9.8voq3NjF_eT5rw6eZQH9wG6243hE-bhRQUhxziYBIhm0vUbE7R7idyFTZr_WfeTwprbh9_plzgO5bZ2qV7s60FQYTP_Y4rJmr-GyZsY70_VGgnIbHEzu8v1_O3_TRd26ICbvHPE_9MdCvRWFz7oAwoXQE9Vj1dIW7UMpDOz6PGK7d-OEHOjtBW4edplF6HSVHxZZZXigj5xP8SOqI0Bl8u7byhEr7MZULbzZCwI0i3Y7wHghfhww8Cr_VBwq2sckRJzbPjZAd7y2YpD0VmbXhS862ZHm-cSyJi7vG6tCiho.KOgEPSEWVZ-l7t-xw4FuSaQyFuH1dzzI6XcuyMQ4CP0&dib_tag=se&qid=1733493152&rnid=2941120011&s=baby-products-intl-ship&sr=1-9","Teething Sticks for Babies 0-36 Months - Super Soft Silicone Teethers in 6 Vibrant Colors, Infant Teething Relief, Multicolored Teething Tubes Baby Gift Teethers","9.","4.8 ","I love the Bebecan teethers! Theyâ€™re the perfect size for little hands and really help soothe teething discomfort. Made from safe, non-toxic materials, I feel confident letting my baby chew on them. Easy to clean and durable, theyâ€™ve quickly become a go-to in our house. Highly recommend!"
"https://amazon.com/BEBECAN-Teething-Silicone-Cleaning-Necessities/dp/B09H5MKPP4/ref=sr_1_9?dib=eyJ2IjoiMSJ9.8voq3NjF_eT5rw6eZQH9wG6243hE-bhRQUhxziYBIhm0vUbE7R7idyFTZr_WfeTwprbh9_plzgO5bZ2qV7s60FQYTP_Y4rJmr-GyZsY70_VGgnIbHEzu8v1_O3_TRd26ICbvHPE_9MdCvRWFz7oAwoXQE9Vj1dIW7UMpDOz6PGK7d-OEHOjtBW4edplF6HSVHxZZZXigj5xP8SOqI0Bl8u7byhEr7MZULbzZCwI0i3Y7wHghfhww8Cr_VBwq2sckRJzbPjZAd7y2YpD0VmbXhS862ZHm-cSyJi7vG6tCiho.KOgEPSEWVZ-l7t-xw4FuSaQyFuH1dzzI6XcuyMQ4CP0&dib_tag=se&qid=1733493152&rnid=2941120011&s=baby-products-intl-ship&sr=1-9","Teething Sticks for Babies 0-36 Months - Super Soft Silicone Teethers in 6 Vibrant Colors, Infant Teething Relief, Multicolored Teething Tubes Baby Gift Teethers","9.","4.8 ","Read more"
"https://amazon.com/Bluey-Sound-Effects-Plush-Multicolor/dp/B08S34YH92/ref=sr_1_10?dib=eyJ2IjoiMSJ9.8voq3NjF_eT5rw6eZQH9wG6243hE-bhRQUhxziYBIhm0vUbE7R7idyFTZr_WfeTwprbh9_plzgO5bZ2qV7s60FQYTP_Y4rJmr-GyZsY70_VGgnIbHEzu8v1_O3_TRd26ICbvHPE_9MdCvRWFz7oAwoXQE9Vj1dIW7UMpDOz6PGK7d-OEHOjtBW4edplF6HSVHxZZZXigj5xP8SOqI0Bl8u7byhEr7MZULbzZCwI0i3Y7wHghfhww8Cr_VBwq2sckRJzbPjZAd7y2YpD0VmbXhS862ZHm-cSyJi7vG6tCiho.KOgEPSEWVZ-l7t-xw4FuSaQyFuH1dzzI6XcuyMQ4CP0&dib_tag=se&qid=1733493152&rnid=2941120011&s=baby-products-intl-ship&sr=1-10","Bluey - 13"" Talking Plush - Interactive - Sing Along, 9 Different Phrases","10.","4.8 ",NA
"https://amazon.com/Infinno-Rattles-Finder-Newborn-Infants/dp/B0B21ZM7LJ/ref=sr_1_11?dib=eyJ2IjoiMSJ9.8voq3NjF_eT5rw6eZQH9wG6243hE-bhRQUhxziYBIhm0vUbE7R7idyFTZr_WfeTwprbh9_plzgO5bZ2qV7s60FQYTP_Y4rJmr-GyZsY70_VGgnIbHEzu8v1_O3_TRd26ICbvHPE_9MdCvRWFz7oAwoXQE9Vj1dIW7UMpDOz6PGK7d-OEHOjtBW4edplF6HSVHxZZZXigj5xP8SOqI0Bl8u7byhEr7MZULbzZCwI0i3Y7wHghfhww8Cr_VBwq2sckRJzbPjZAd7y2YpD0VmbXhS862ZHm-cSyJi7vG6tCiho.KOgEPSEWVZ-l7t-xw4FuSaQyFuH1dzzI6XcuyMQ4CP0&dib_tag=se&qid=1733493152&rnid=2941120011&s=baby-products-intl-ship&sr=1-11","Infinno Baby Wrist Rattle Socks and Foot Finder Set, Perfect Baby Toys for 0-12 Months Newborn Boys and Girls As Baby Shower Gifts, Garden Bug Series","13.","4.7 ",NA
"https://amazon.com/Magicteam-Machine-Looping-Soothing-Function/dp/B07RWRJ4XW/ref=sr_1_12?dib=eyJ2IjoiMSJ9.8voq3NjF_eT5rw6eZQH9wG6243hE-bhRQUhxziYBIhm0vUbE7R7idyFTZr_WfeTwprbh9_plzgO5bZ2qV7s60FQYTP_Y4rJmr-GyZsY70_VGgnIbHEzu8v1_O3_TRd26ICbvHPE_9MdCvRWFz7oAwoXQE9Vj1dIW7UMpDOz6PGK7d-OEHOjtBW4edplF6HSVHxZZZXigj5xP8SOqI0Bl8u7byhEr7MZULbzZCwI0i3Y7wHghfhww8Cr_VBwq2sckRJzbPjZAd7y2YpD0VmbXhS862ZHm-cSyJi7vG6tCiho.KOgEPSEWVZ-l7t-xw4FuSaQyFuH1dzzI6XcuyMQ4CP0&dib_tag=se&qid=1733493152&rnid=2941120011&s=baby-products-intl-ship&sr=1-12","Magicteam Sound Machine White Noise Machine with 20 Non Looping Natural Soothing Sounds Memory Function 32 Levels of Volume Powered by AC or USB and Sleep Sound Timer Therapy for Baby Kids Adults","20.","4.5 ",NA
"https://amazon.com/Pampers-Sensitive-Hypoallergenic-Unscented-Flip-Top/dp/B079V67BFW/ref=sr_1_13?dib=eyJ2IjoiMSJ9.8voq3NjF_eT5rw6eZQH9wG6243hE-bhRQUhxziYBIhm0vUbE7R7idyFTZr_WfeTwprbh9_plzgO5bZ2qV7s60FQYTP_Y4rJmr-GyZsY70_VGgnIbHEzu8v1_O3_TRd26ICbvHPE_9MdCvRWFz7oAwoXQE9Vj1dIW7UMpDOz6PGK7d-OEHOjtBW4edplF6HSVHxZZZXigj5xP8SOqI0Bl8u7byhEr7MZULbzZCwI0i3Y7wHghfhww8Cr_VBwq2sckRJzbPjZAd7y2YpD0VmbXhS862ZHm-cSyJi7vG6tCiho.KOgEPSEWVZ-l7t-xw4FuSaQyFuH1dzzI6XcuyMQ4CP0&dib_tag=se&qid=1733493152&rnid=2941120011&s=baby-products-intl-ship&sr=1-13","Pampers Sensitive Baby Wipes, Water Based, Hypoallergenic and Unscented, 4 Flip-Top Packs (336 Wipes Total)","12.","4.8 ","Pampers Sensitive Baby Wipes have been a lifesaver for us since day one. Hereâ€™s why we love them:Gentle on Babyâ€™s Skin: These wipes are incredibly soft and gentle, perfect for sensitive baby skin. Theyâ€™re moist enough to clean effectively without causing irritation.Hypoallergenic and Unscented: As a parent concerned about allergies and sensitivities, I appreciate that these wipes are hypoallergenic and unscented. Theyâ€™re gentle enough for even the most delicate skin.Effective Cleaning: Whether itâ€™s diaper changes, messy meals, or sticky hands and faces, these wipes do an excellent job of cleaning up quickly and efficiently.Durable and Reliable: The flip-top packs are convenient and keep the wipes moist and fresh. Theyâ€™re easy to open and close with one hand, which is a must during diaper changes.Multi-Pack Convenience: With 8 flip-top packs included, we always have wipes on hand at home, in the diaper bag, and in the car. Itâ€™s a great value for the quantity and quality.Trusted Brand: Pampers is a brand we trust for our babyâ€™s needs. These wipes live up to their reputation for quality and reliability.Overall, Pampers Sensitive Baby Wipes have been a staple in our household. Theyâ€™re gentle, effective, and convenientâ€”everything we look for in baby wipes. Highly recommend them for parents looking for a reliable wipe for their little one!"
"https://amazon.com/Pampers-Sensitive-Hypoallergenic-Unscented-Flip-Top/dp/B079V67BFW/ref=sr_1_13?dib=eyJ2IjoiMSJ9.8voq3NjF_eT5rw6eZQH9wG6243hE-bhRQUhxziYBIhm0vUbE7R7idyFTZr_WfeTwprbh9_plzgO5bZ2qV7s60FQYTP_Y4rJmr-GyZsY70_VGgnIbHEzu8v1_O3_TRd26ICbvHPE_9MdCvRWFz7oAwoXQE9Vj1dIW7UMpDOz6PGK7d-OEHOjtBW4edplF6HSVHxZZZXigj5xP8SOqI0Bl8u7byhEr7MZULbzZCwI0i3Y7wHghfhww8Cr_VBwq2sckRJzbPjZAd7y2YpD0VmbXhS862ZHm-cSyJi7vG6tCiho.KOgEPSEWVZ-l7t-xw4FuSaQyFuH1dzzI6XcuyMQ4CP0&dib_tag=se&qid=1733493152&rnid=2941120011&s=baby-products-intl-ship&sr=1-13","Pampers Sensitive Baby Wipes, Water Based, Hypoallergenic and Unscented, 4 Flip-Top Packs (336 Wipes Total)","12.","4.8 ","Read more"
"https://amazon.com/Pampers-Sensitive-Hypoallergenic-Unscented-Flip-Top/dp/B079V67BFW/ref=sr_1_13?dib=eyJ2IjoiMSJ9.8voq3NjF_eT5rw6eZQH9wG6243hE-bhRQUhxziYBIhm0vUbE7R7idyFTZr_WfeTwprbh9_plzgO5bZ2qV7s60FQYTP_Y4rJmr-GyZsY70_VGgnIbHEzu8v1_O3_TRd26ICbvHPE_9MdCvRWFz7oAwoXQE9Vj1dIW7UMpDOz6PGK7d-OEHOjtBW4edplF6HSVHxZZZXigj5xP8SOqI0Bl8u7byhEr7MZULbzZCwI0i3Y7wHghfhww8Cr_VBwq2sckRJzbPjZAd7y2YpD0VmbXhS862ZHm-cSyJi7vG6tCiho.KOgEPSEWVZ-l7t-xw4FuSaQyFuH1dzzI6XcuyMQ4CP0&dib_tag=se&qid=1733493152&rnid=2941120011&s=baby-products-intl-ship&sr=1-13","Pampers Sensitive Baby Wipes, Water Based, Hypoallergenic and Unscented, 4 Flip-Top Packs (336 Wipes Total)","12.","4.8 ","These wipes are worth buying bulk. They are the same exact ones you get in the store, only cheaper. They aren't a knock off brand. They have a pleasant smell and get the job done wiping. They are durable so you don't want to be flushing them down the toilet. I have ordered them multiple times and haven't had any issues with packaging."
"https://amazon.com/Pampers-Sensitive-Hypoallergenic-Unscented-Flip-Top/dp/B079V67BFW/ref=sr_1_13?dib=eyJ2IjoiMSJ9.8voq3NjF_eT5rw6eZQH9wG6243hE-bhRQUhxziYBIhm0vUbE7R7idyFTZr_WfeTwprbh9_plzgO5bZ2qV7s60FQYTP_Y4rJmr-GyZsY70_VGgnIbHEzu8v1_O3_TRd26ICbvHPE_9MdCvRWFz7oAwoXQE9Vj1dIW7UMpDOz6PGK7d-OEHOjtBW4edplF6HSVHxZZZXigj5xP8SOqI0Bl8u7byhEr7MZULbzZCwI0i3Y7wHghfhww8Cr_VBwq2sckRJzbPjZAd7y2YpD0VmbXhS862ZHm-cSyJi7vG6tCiho.KOgEPSEWVZ-l7t-xw4FuSaQyFuH1dzzI6XcuyMQ4CP0&dib_tag=se&qid=1733493152&rnid=2941120011&s=baby-products-intl-ship&sr=1-13","Pampers Sensitive Baby Wipes, Water Based, Hypoallergenic and Unscented, 4 Flip-Top Packs (336 Wipes Total)","12.","4.8 ","Read more"
"https://amazon.com/Pampers-Sensitive-Hypoallergenic-Unscented-Flip-Top/dp/B079V67BFW/ref=sr_1_13?dib=eyJ2IjoiMSJ9.8voq3NjF_eT5rw6eZQH9wG6243hE-bhRQUhxziYBIhm0vUbE7R7idyFTZr_WfeTwprbh9_plzgO5bZ2qV7s60FQYTP_Y4rJmr-GyZsY70_VGgnIbHEzu8v1_O3_TRd26ICbvHPE_9MdCvRWFz7oAwoXQE9Vj1dIW7UMpDOz6PGK7d-OEHOjtBW4edplF6HSVHxZZZXigj5xP8SOqI0Bl8u7byhEr7MZULbzZCwI0i3Y7wHghfhww8Cr_VBwq2sckRJzbPjZAd7y2YpD0VmbXhS862ZHm-cSyJi7vG6tCiho.KOgEPSEWVZ-l7t-xw4FuSaQyFuH1dzzI6XcuyMQ4CP0&dib_tag=se&qid=1733493152&rnid=2941120011&s=baby-products-intl-ship&sr=1-13","Pampers Sensitive Baby Wipes, Water Based, Hypoallergenic and Unscented, 4 Flip-Top Packs (336 Wipes Total)","12.","4.8 ","If you're looking for baby wipes, let me tell you why we absolutely love Pampers Sensitive Baby Wipes. First off, they are water-based and hypoallergenic, which is perfect for our baby's sensitive skin. We haven't had any issues with irritation or rashes since we started using them, which is such a relief.These wipes are also unscented, so thereâ€™s no strong fragrance to worry about, which is great because our little one is pretty sensitive to smells. Theyâ€™re incredibly gentle but still do an excellent job of cleaning up messes, whether itâ€™s during diaper changes or wiping sticky hands and faces.Another thing we love is how sturdy they are. They donâ€™t tear easily, even when youâ€™re dealing with a big mess. Plus, they come in a convenient, resealable pack that keeps the wipes moist and ready to use.Overall, Pampers Sensitive Baby Wipes have been a game-changer for us. Theyâ€™re gentle, effective, and reliable â€“ everything you want in a baby wipe. We feel good knowing weâ€™re using a product thatâ€™s safe for our babyâ€™s delicate skin. Highly recommend!"
"https://amazon.com/Pampers-Sensitive-Hypoallergenic-Unscented-Flip-Top/dp/B079V67BFW/ref=sr_1_13?dib=eyJ2IjoiMSJ9.8voq3NjF_eT5rw6eZQH9wG6243hE-bhRQUhxziYBIhm0vUbE7R7idyFTZr_WfeTwprbh9_plzgO5bZ2qV7s60FQYTP_Y4rJmr-GyZsY70_VGgnIbHEzu8v1_O3_TRd26ICbvHPE_9MdCvRWFz7oAwoXQE9Vj1dIW7UMpDOz6PGK7d-OEHOjtBW4edplF6HSVHxZZZXigj5xP8SOqI0Bl8u7byhEr7MZULbzZCwI0i3Y7wHghfhww8Cr_VBwq2sckRJzbPjZAd7y2YpD0VmbXhS862ZHm-cSyJi7vG6tCiho.KOgEPSEWVZ-l7t-xw4FuSaQyFuH1dzzI6XcuyMQ4CP0&dib_tag=se&qid=1733493152&rnid=2941120011&s=baby-products-intl-ship&sr=1-13","Pampers Sensitive Baby Wipes, Water Based, Hypoallergenic and Unscented, 4 Flip-Top Packs (336 Wipes Total)","12.","4.8 ","Read more"
"https://amazon.com/Pampers-Sensitive-Hypoallergenic-Unscented-Flip-Top/dp/B079V67BFW/ref=sr_1_13?dib=eyJ2IjoiMSJ9.8voq3NjF_eT5rw6eZQH9wG6243hE-bhRQUhxziYBIhm0vUbE7R7idyFTZr_WfeTwprbh9_plzgO5bZ2qV7s60FQYTP_Y4rJmr-GyZsY70_VGgnIbHEzu8v1_O3_TRd26ICbvHPE_9MdCvRWFz7oAwoXQE9Vj1dIW7UMpDOz6PGK7d-OEHOjtBW4edplF6HSVHxZZZXigj5xP8SOqI0Bl8u7byhEr7MZULbzZCwI0i3Y7wHghfhww8Cr_VBwq2sckRJzbPjZAd7y2YpD0VmbXhS862ZHm-cSyJi7vG6tCiho.KOgEPSEWVZ-l7t-xw4FuSaQyFuH1dzzI6XcuyMQ4CP0&dib_tag=se&qid=1733493152&rnid=2941120011&s=baby-products-intl-ship&sr=1-13","Pampers Sensitive Baby Wipes, Water Based, Hypoallergenic and Unscented, 4 Flip-Top Packs (336 Wipes Total)","12.","4.8 ","I have been using pampers sensitive baby wipes for years now, and I don't like to use any other brand. This one is soft and moist, and does a good job. My children never had any allergic reaction from these wipes."
"https://amazon.com/Pampers-Sensitive-Hypoallergenic-Unscented-Flip-Top/dp/B079V67BFW/ref=sr_1_13?dib=eyJ2IjoiMSJ9.8voq3NjF_eT5rw6eZQH9wG6243hE-bhRQUhxziYBIhm0vUbE7R7idyFTZr_WfeTwprbh9_plzgO5bZ2qV7s60FQYTP_Y4rJmr-GyZsY70_VGgnIbHEzu8v1_O3_TRd26ICbvHPE_9MdCvRWFz7oAwoXQE9Vj1dIW7UMpDOz6PGK7d-OEHOjtBW4edplF6HSVHxZZZXigj5xP8SOqI0Bl8u7byhEr7MZULbzZCwI0i3Y7wHghfhww8Cr_VBwq2sckRJzbPjZAd7y2YpD0VmbXhS862ZHm-cSyJi7vG6tCiho.KOgEPSEWVZ-l7t-xw4FuSaQyFuH1dzzI6XcuyMQ4CP0&dib_tag=se&qid=1733493152&rnid=2941120011&s=baby-products-intl-ship&sr=1-13","Pampers Sensitive Baby Wipes, Water Based, Hypoallergenic and Unscented, 4 Flip-Top Packs (336 Wipes Total)","12.","4.8 ","Read more"
"https://amazon.com/Pampers-Sensitive-Hypoallergenic-Unscented-Flip-Top/dp/B079V67BFW/ref=sr_1_13?dib=eyJ2IjoiMSJ9.8voq3NjF_eT5rw6eZQH9wG6243hE-bhRQUhxziYBIhm0vUbE7R7idyFTZr_WfeTwprbh9_plzgO5bZ2qV7s60FQYTP_Y4rJmr-GyZsY70_VGgnIbHEzu8v1_O3_TRd26ICbvHPE_9MdCvRWFz7oAwoXQE9Vj1dIW7UMpDOz6PGK7d-OEHOjtBW4edplF6HSVHxZZZXigj5xP8SOqI0Bl8u7byhEr7MZULbzZCwI0i3Y7wHghfhww8Cr_VBwq2sckRJzbPjZAd7y2YpD0VmbXhS862ZHm-cSyJi7vG6tCiho.KOgEPSEWVZ-l7t-xw4FuSaQyFuH1dzzI6XcuyMQ4CP0&dib_tag=se&qid=1733493152&rnid=2941120011&s=baby-products-intl-ship&sr=1-13","Pampers Sensitive Baby Wipes, Water Based, Hypoallergenic and Unscented, 4 Flip-Top Packs (336 Wipes Total)","12.","4.8 ","I'm using these for facial cleaning.  I'm allergic to lots of things and these don't seem to trigger anything.  They do a good job of cleaning and are much less expensive than the other facial cloths."
"https://amazon.com/Pampers-Sensitive-Hypoallergenic-Unscented-Flip-Top/dp/B079V67BFW/ref=sr_1_13?dib=eyJ2IjoiMSJ9.8voq3NjF_eT5rw6eZQH9wG6243hE-bhRQUhxziYBIhm0vUbE7R7idyFTZr_WfeTwprbh9_plzgO5bZ2qV7s60FQYTP_Y4rJmr-GyZsY70_VGgnIbHEzu8v1_O3_TRd26ICbvHPE_9MdCvRWFz7oAwoXQE9Vj1dIW7UMpDOz6PGK7d-OEHOjtBW4edplF6HSVHxZZZXigj5xP8SOqI0Bl8u7byhEr7MZULbzZCwI0i3Y7wHghfhww8Cr_VBwq2sckRJzbPjZAd7y2YpD0VmbXhS862ZHm-cSyJi7vG6tCiho.KOgEPSEWVZ-l7t-xw4FuSaQyFuH1dzzI6XcuyMQ4CP0&dib_tag=se&qid=1733493152&rnid=2941120011&s=baby-products-intl-ship&sr=1-13","Pampers Sensitive Baby Wipes, Water Based, Hypoallergenic and Unscented, 4 Flip-Top Packs (336 Wipes Total)","12.","4.8 ","Read more"
"https://amazon.com/Yeeeasy-Inflatable-Infants-Toddlers-Development/dp/B09XHGG4B8/ref=sr_1_14?dib=eyJ2IjoiMSJ9.8voq3NjF_eT5rw6eZQH9wG6243hE-bhRQUhxziYBIhm0vUbE7R7idyFTZr_WfeTwprbh9_plzgO5bZ2qV7s60FQYTP_Y4rJmr-GyZsY70_VGgnIbHEzu8v1_O3_TRd26ICbvHPE_9MdCvRWFz7oAwoXQE9Vj1dIW7UMpDOz6PGK7d-OEHOjtBW4edplF6HSVHxZZZXigj5xP8SOqI0Bl8u7byhEr7MZULbzZCwI0i3Y7wHghfhww8Cr_VBwq2sckRJzbPjZAd7y2YpD0VmbXhS862ZHm-cSyJi7vG6tCiho.KOgEPSEWVZ-l7t-xw4FuSaQyFuH1dzzI6XcuyMQ4CP0&dib_tag=se&qid=1733493152&rnid=2941120011&s=baby-products-intl-ship&sr=1-14","Tummy Time Water Matä¸¨Inflatable Tummy Time Water Play Mat for Babies, Infants and Toddlers 3 to 12 Months Promote Development Toys Baby Gifts","9.","4.2 ",NA
"https://amazon.com/Projector-Christmas-Birthday-Stocking-Stuffers/dp/B09DY1VZJS/ref=sr_1_15?dib=eyJ2IjoiMSJ9.8voq3NjF_eT5rw6eZQH9wG6243hE-bhRQUhxziYBIhm0vUbE7R7idyFTZr_WfeTwprbh9_plzgO5bZ2qV7s60FQYTP_Y4rJmr-GyZsY70_VGgnIbHEzu8v1_O3_TRd26ICbvHPE_9MdCvRWFz7oAwoXQE9Vj1dIW7UMpDOz6PGK7d-OEHOjtBW4edplF6HSVHxZZZXigj5xP8SOqI0Bl8u7byhEr7MZULbzZCwI0i3Y7wHghfhww8Cr_VBwq2sckRJzbPjZAd7y2YpD0VmbXhS862ZHm-cSyJi7vG6tCiho.KOgEPSEWVZ-l7t-xw4FuSaQyFuH1dzzI6XcuyMQ4CP0&dib_tag=se&qid=1733493152&rnid=2941120011&s=baby-products-intl-ship&sr=1-15","Toys for 1-10 Year Old Girls,Star Projector for Kids 2-9 Year Old Girl Gifts Toys for 3-8 Year Old Girls Christmas Gifts for 4-7 Year Old Boys Sensory Toy Birthday Gifts Stocking Stuffers for Kids","20.","4.2 ","This is not a planetarium grade projector.  The stars are not projected as pinpoints or in constellations for those that think it may be.  The star images on the ceiling are large, five pointed stars in many colors and kids absolutely love it!  With the cover on the globe, it can be used as a night light as well.  I thought this was a great gift.  The one thing that I feel it should come with and doesn't is a small transformer so that you would be able to plug it into an outlet.  What powers this unit is a USB plug meant to be plugged into a computer or laptop.  But who wants to have a laptop next to their kids bed??? Silly of them not to include something that would allow plugging into a wall electric outlet.  You also have to be pretty careful in putting the lid over the globe.  It is made of very thin plastic and looks quite delicate."
"https://amazon.com/Projector-Christmas-Birthday-Stocking-Stuffers/dp/B09DY1VZJS/ref=sr_1_15?dib=eyJ2IjoiMSJ9.8voq3NjF_eT5rw6eZQH9wG6243hE-bhRQUhxziYBIhm0vUbE7R7idyFTZr_WfeTwprbh9_plzgO5bZ2qV7s60FQYTP_Y4rJmr-GyZsY70_VGgnIbHEzu8v1_O3_TRd26ICbvHPE_9MdCvRWFz7oAwoXQE9Vj1dIW7UMpDOz6PGK7d-OEHOjtBW4edplF6HSVHxZZZXigj5xP8SOqI0Bl8u7byhEr7MZULbzZCwI0i3Y7wHghfhww8Cr_VBwq2sckRJzbPjZAd7y2YpD0VmbXhS862ZHm-cSyJi7vG6tCiho.KOgEPSEWVZ-l7t-xw4FuSaQyFuH1dzzI6XcuyMQ4CP0&dib_tag=se&qid=1733493152&rnid=2941120011&s=baby-products-intl-ship&sr=1-15","Toys for 1-10 Year Old Girls,Star Projector for Kids 2-9 Year Old Girl Gifts Toys for 3-8 Year Old Girls Christmas Gifts for 4-7 Year Old Boys Sensory Toy Birthday Gifts Stocking Stuffers for Kids","20.","4.2 ","Read more"
"https://amazon.com/Projector-Christmas-Birthday-Stocking-Stuffers/dp/B09DY1VZJS/ref=sr_1_15?dib=eyJ2IjoiMSJ9.8voq3NjF_eT5rw6eZQH9wG6243hE-bhRQUhxziYBIhm0vUbE7R7idyFTZr_WfeTwprbh9_plzgO5bZ2qV7s60FQYTP_Y4rJmr-GyZsY70_VGgnIbHEzu8v1_O3_TRd26ICbvHPE_9MdCvRWFz7oAwoXQE9Vj1dIW7UMpDOz6PGK7d-OEHOjtBW4edplF6HSVHxZZZXigj5xP8SOqI0Bl8u7byhEr7MZULbzZCwI0i3Y7wHghfhww8Cr_VBwq2sckRJzbPjZAd7y2YpD0VmbXhS862ZHm-cSyJi7vG6tCiho.KOgEPSEWVZ-l7t-xw4FuSaQyFuH1dzzI6XcuyMQ4CP0&dib_tag=se&qid=1733493152&rnid=2941120011&s=baby-products-intl-ship&sr=1-15","Toys for 1-10 Year Old Girls,Star Projector for Kids 2-9 Year Old Girl Gifts Toys for 3-8 Year Old Girls Christmas Gifts for 4-7 Year Old Boys Sensory Toy Birthday Gifts Stocking Stuffers for Kids","20.","4.2 ","My granddaughter lived itIt is kind of cheaply made because it fell apart pretty quickly"
"https://amazon.com/Projector-Christmas-Birthday-Stocking-Stuffers/dp/B09DY1VZJS/ref=sr_1_15?dib=eyJ2IjoiMSJ9.8voq3NjF_eT5rw6eZQH9wG6243hE-bhRQUhxziYBIhm0vUbE7R7idyFTZr_WfeTwprbh9_plzgO5bZ2qV7s60FQYTP_Y4rJmr-GyZsY70_VGgnIbHEzu8v1_O3_TRd26ICbvHPE_9MdCvRWFz7oAwoXQE9Vj1dIW7UMpDOz6PGK7d-OEHOjtBW4edplF6HSVHxZZZXigj5xP8SOqI0Bl8u7byhEr7MZULbzZCwI0i3Y7wHghfhww8Cr_VBwq2sckRJzbPjZAd7y2YpD0VmbXhS862ZHm-cSyJi7vG6tCiho.KOgEPSEWVZ-l7t-xw4FuSaQyFuH1dzzI6XcuyMQ4CP0&dib_tag=se&qid=1733493152&rnid=2941120011&s=baby-products-intl-ship&sr=1-15","Toys for 1-10 Year Old Girls,Star Projector for Kids 2-9 Year Old Girl Gifts Toys for 3-8 Year Old Girls Christmas Gifts for 4-7 Year Old Boys Sensory Toy Birthday Gifts Stocking Stuffers for Kids","20.","4.2 ","Read more"
"https://amazon.com/Projector-Christmas-Birthday-Stocking-Stuffers/dp/B09DY1VZJS/ref=sr_1_15?dib=eyJ2IjoiMSJ9.8voq3NjF_eT5rw6eZQH9wG6243hE-bhRQUhxziYBIhm0vUbE7R7idyFTZr_WfeTwprbh9_plzgO5bZ2qV7s60FQYTP_Y4rJmr-GyZsY70_VGgnIbHEzu8v1_O3_TRd26ICbvHPE_9MdCvRWFz7oAwoXQE9Vj1dIW7UMpDOz6PGK7d-OEHOjtBW4edplF6HSVHxZZZXigj5xP8SOqI0Bl8u7byhEr7MZULbzZCwI0i3Y7wHghfhww8Cr_VBwq2sckRJzbPjZAd7y2YpD0VmbXhS862ZHm-cSyJi7vG6tCiho.KOgEPSEWVZ-l7t-xw4FuSaQyFuH1dzzI6XcuyMQ4CP0&dib_tag=se&qid=1733493152&rnid=2941120011&s=baby-products-intl-ship&sr=1-15","Toys for 1-10 Year Old Girls,Star Projector for Kids 2-9 Year Old Girl Gifts Toys for 3-8 Year Old Girls Christmas Gifts for 4-7 Year Old Boys Sensory Toy Birthday Gifts Stocking Stuffers for Kids","20.","4.2 ","This light is cute, colorful, and bright and was a big hit with the kids. I was really surprised how much it lit up the room. I took one star off cause it's very cheap quality and one of the kids already put a dent in the globe."
"https://amazon.com/Projector-Christmas-Birthday-Stocking-Stuffers/dp/B09DY1VZJS/ref=sr_1_15?dib=eyJ2IjoiMSJ9.8voq3NjF_eT5rw6eZQH9wG6243hE-bhRQUhxziYBIhm0vUbE7R7idyFTZr_WfeTwprbh9_plzgO5bZ2qV7s60FQYTP_Y4rJmr-GyZsY70_VGgnIbHEzu8v1_O3_TRd26ICbvHPE_9MdCvRWFz7oAwoXQE9Vj1dIW7UMpDOz6PGK7d-OEHOjtBW4edplF6HSVHxZZZXigj5xP8SOqI0Bl8u7byhEr7MZULbzZCwI0i3Y7wHghfhww8Cr_VBwq2sckRJzbPjZAd7y2YpD0VmbXhS862ZHm-cSyJi7vG6tCiho.KOgEPSEWVZ-l7t-xw4FuSaQyFuH1dzzI6XcuyMQ4CP0&dib_tag=se&qid=1733493152&rnid=2941120011&s=baby-products-intl-ship&sr=1-15","Toys for 1-10 Year Old Girls,Star Projector for Kids 2-9 Year Old Girl Gifts Toys for 3-8 Year Old Girls Christmas Gifts for 4-7 Year Old Boys Sensory Toy Birthday Gifts Stocking Stuffers for Kids","20.","4.2 ","Read more"
"https://amazon.com/Projector-Christmas-Birthday-Stocking-Stuffers/dp/B09DY1VZJS/ref=sr_1_15?dib=eyJ2IjoiMSJ9.8voq3NjF_eT5rw6eZQH9wG6243hE-bhRQUhxziYBIhm0vUbE7R7idyFTZr_WfeTwprbh9_plzgO5bZ2qV7s60FQYTP_Y4rJmr-GyZsY70_VGgnIbHEzu8v1_O3_TRd26ICbvHPE_9MdCvRWFz7oAwoXQE9Vj1dIW7UMpDOz6PGK7d-OEHOjtBW4edplF6HSVHxZZZXigj5xP8SOqI0Bl8u7byhEr7MZULbzZCwI0i3Y7wHghfhww8Cr_VBwq2sckRJzbPjZAd7y2YpD0VmbXhS862ZHm-cSyJi7vG6tCiho.KOgEPSEWVZ-l7t-xw4FuSaQyFuH1dzzI6XcuyMQ4CP0&dib_tag=se&qid=1733493152&rnid=2941120011&s=baby-products-intl-ship&sr=1-15","Toys for 1-10 Year Old Girls,Star Projector for Kids 2-9 Year Old Girl Gifts Toys for 3-8 Year Old Girls Christmas Gifts for 4-7 Year Old Boys Sensory Toy Birthday Gifts Stocking Stuffers for Kids","20.","4.2 ","My niece and nephew love this.Easy to use and super cute.Great for all ages."
"https://amazon.com/Projector-Christmas-Birthday-Stocking-Stuffers/dp/B09DY1VZJS/ref=sr_1_15?dib=eyJ2IjoiMSJ9.8voq3NjF_eT5rw6eZQH9wG6243hE-bhRQUhxziYBIhm0vUbE7R7idyFTZr_WfeTwprbh9_plzgO5bZ2qV7s60FQYTP_Y4rJmr-GyZsY70_VGgnIbHEzu8v1_O3_TRd26ICbvHPE_9MdCvRWFz7oAwoXQE9Vj1dIW7UMpDOz6PGK7d-OEHOjtBW4edplF6HSVHxZZZXigj5xP8SOqI0Bl8u7byhEr7MZULbzZCwI0i3Y7wHghfhww8Cr_VBwq2sckRJzbPjZAd7y2YpD0VmbXhS862ZHm-cSyJi7vG6tCiho.KOgEPSEWVZ-l7t-xw4FuSaQyFuH1dzzI6XcuyMQ4CP0&dib_tag=se&qid=1733493152&rnid=2941120011&s=baby-products-intl-ship&sr=1-15","Toys for 1-10 Year Old Girls,Star Projector for Kids 2-9 Year Old Girl Gifts Toys for 3-8 Year Old Girls Christmas Gifts for 4-7 Year Old Boys Sensory Toy Birthday Gifts Stocking Stuffers for Kids","20.","4.2 ","Read more"
"https://amazon.com/Projector-Christmas-Birthday-Stocking-Stuffers/dp/B09DY1VZJS/ref=sr_1_15?dib=eyJ2IjoiMSJ9.8voq3NjF_eT5rw6eZQH9wG6243hE-bhRQUhxziYBIhm0vUbE7R7idyFTZr_WfeTwprbh9_plzgO5bZ2qV7s60FQYTP_Y4rJmr-GyZsY70_VGgnIbHEzu8v1_O3_TRd26ICbvHPE_9MdCvRWFz7oAwoXQE9Vj1dIW7UMpDOz6PGK7d-OEHOjtBW4edplF6HSVHxZZZXigj5xP8SOqI0Bl8u7byhEr7MZULbzZCwI0i3Y7wHghfhww8Cr_VBwq2sckRJzbPjZAd7y2YpD0VmbXhS862ZHm-cSyJi7vG6tCiho.KOgEPSEWVZ-l7t-xw4FuSaQyFuH1dzzI6XcuyMQ4CP0&dib_tag=se&qid=1733493152&rnid=2941120011&s=baby-products-intl-ship&sr=1-15","Toys for 1-10 Year Old Girls,Star Projector for Kids 2-9 Year Old Girl Gifts Toys for 3-8 Year Old Girls Christmas Gifts for 4-7 Year Old Boys Sensory Toy Birthday Gifts Stocking Stuffers for Kids","20.","4.2 ","This is a very simple version of something far more high tech. Itâ€™s quiet and colorful and the little kid finds it fun for sure. But, is it bright? No. Itâ€™s more on par with a colorful nightlight, but thatâ€™s what we wanted. Itâ€™s also pretty cheaply made; it doesnâ€™t turn smoothly and the buttons can be confusing to figure out for a kid. We keep it plugged in because it seemed the battery life was affecting the turn option. So, just average and the kid will smile."
"https://amazon.com/Projector-Christmas-Birthday-Stocking-Stuffers/dp/B09DY1VZJS/ref=sr_1_15?dib=eyJ2IjoiMSJ9.8voq3NjF_eT5rw6eZQH9wG6243hE-bhRQUhxziYBIhm0vUbE7R7idyFTZr_WfeTwprbh9_plzgO5bZ2qV7s60FQYTP_Y4rJmr-GyZsY70_VGgnIbHEzu8v1_O3_TRd26ICbvHPE_9MdCvRWFz7oAwoXQE9Vj1dIW7UMpDOz6PGK7d-OEHOjtBW4edplF6HSVHxZZZXigj5xP8SOqI0Bl8u7byhEr7MZULbzZCwI0i3Y7wHghfhww8Cr_VBwq2sckRJzbPjZAd7y2YpD0VmbXhS862ZHm-cSyJi7vG6tCiho.KOgEPSEWVZ-l7t-xw4FuSaQyFuH1dzzI6XcuyMQ4CP0&dib_tag=se&qid=1733493152&rnid=2941120011&s=baby-products-intl-ship&sr=1-15","Toys for 1-10 Year Old Girls,Star Projector for Kids 2-9 Year Old Girl Gifts Toys for 3-8 Year Old Girls Christmas Gifts for 4-7 Year Old Boys Sensory Toy Birthday Gifts Stocking Stuffers for Kids","20.","4.2 ","Read more"
"https://amazon.com/Hatch-Restore-Personal-Routines-Energized/dp/B0C5S7K1JK/ref=sr_1_16?dib=eyJ2IjoiMSJ9.8voq3NjF_eT5rw6eZQH9wG6243hE-bhRQUhxziYBIhm0vUbE7R7idyFTZr_WfeTwprbh9_plzgO5bZ2qV7s60FQYTP_Y4rJmr-GyZsY70_VGgnIbHEzu8v1_O3_TRd26ICbvHPE_9MdCvRWFz7oAwoXQE9Vj1dIW7UMpDOz6PGK7d-OEHOjtBW4edplF6HSVHxZZZXigj5xP8SOqI0Bl8u7byhEr7MZULbzZCwI0i3Y7wHghfhww8Cr_VBwq2sckRJzbPjZAd7y2YpD0VmbXhS862ZHm-cSyJi7vG6tCiho.KOgEPSEWVZ-l7t-xw4FuSaQyFuH1dzzI6XcuyMQ4CP0&dib_tag=se&qid=1733493152&rnid=2941120011&s=baby-products-intl-ship&sr=1-16","Hatch Restore 2 Sunrise Alarm Clock, Sound Machine, Smart Light (Putty) ãƒ¼ Your Smart Sleep Clock, White Noise, Customizable Sleep Routines for Adults, Unwind Gently, Dimmable Clock, Wake Up Energized","169.","4.3 ",NA
"https://amazon.com/Melissa-Doug-Developmental-Squeaker-Shatterproof/dp/B00MYWGTGQ/ref=sr_1_17?dib=eyJ2IjoiMSJ9.8voq3NjF_eT5rw6eZQH9wG6243hE-bhRQUhxziYBIhm0vUbE7R7idyFTZr_WfeTwprbh9_plzgO5bZ2qV7s60FQYTP_Y4rJmr-GyZsY70_VGgnIbHEzu8v1_O3_TRd26ICbvHPE_9MdCvRWFz7oAwoXQE9Vj1dIW7UMpDOz6PGK7d-OEHOjtBW4edplF6HSVHxZZZXigj5xP8SOqI0Bl8u7byhEr7MZULbzZCwI0i3Y7wHghfhww8Cr_VBwq2sckRJzbPjZAd7y2YpD0VmbXhS862ZHm-cSyJi7vG6tCiho.KOgEPSEWVZ-l7t-xw4FuSaQyFuH1dzzI6XcuyMQ4CP0&dib_tag=se&qid=1733493152&rnid=2941120011&s=baby-products-intl-ship&sr=1-17","Melissa & Doug Flip Fish Soft Baby Toy Sensory Tummy Time Toys, Soft Fabric Tag Toy For Babies, Infants","17.","4.8 ",NA
"https://amazon.com/WYZE-IP65-Rated-Security-Compatible-Assistant/dp/B0B9TWY11Q/ref=sr_1_18?dib=eyJ2IjoiMSJ9.8voq3NjF_eT5rw6eZQH9wG6243hE-bhRQUhxziYBIhm0vUbE7R7idyFTZr_WfeTwprbh9_plzgO5bZ2qV7s60FQYTP_Y4rJmr-GyZsY70_VGgnIbHEzu8v1_O3_TRd26ICbvHPE_9MdCvRWFz7oAwoXQE9Vj1dIW7UMpDOz6PGK7d-OEHOjtBW4edplF6HSVHxZZZXigj5xP8SOqI0Bl8u7byhEr7MZULbzZCwI0i3Y7wHghfhww8Cr_VBwq2sckRJzbPjZAd7y2YpD0VmbXhS862ZHm-cSyJi7vG6tCiho.KOgEPSEWVZ-l7t-xw4FuSaQyFuH1dzzI6XcuyMQ4CP0&dib_tag=se&qid=1733493152&rnid=2941120011&s=baby-products-intl-ship&sr=1-18","WYZE Cam Pan v3 Indoor/Outdoor IP65 1080P 360Â° Pan/Tilt/Zoom Wi-Fi Smart Home Security Camera with Motion Tracking for Baby & Pet, Color Night Vision, Works with Alexa & Google Assistant, White","29.","4.3 ",NA
"https://amazon.com/Suction-Spinner-Spinning-sensory-toddlers/dp/B08X1YQ2N9/ref=sr_1_19?dib=eyJ2IjoiMSJ9.8voq3NjF_eT5rw6eZQH9wG6243hE-bhRQUhxziYBIhm0vUbE7R7idyFTZr_WfeTwprbh9_plzgO5bZ2qV7s60FQYTP_Y4rJmr-GyZsY70_VGgnIbHEzu8v1_O3_TRd26ICbvHPE_9MdCvRWFz7oAwoXQE9Vj1dIW7UMpDOz6PGK7d-OEHOjtBW4edplF6HSVHxZZZXigj5xP8SOqI0Bl8u7byhEr7MZULbzZCwI0i3Y7wHghfhww8Cr_VBwq2sckRJzbPjZAd7y2YpD0VmbXhS862ZHm-cSyJi7vG6tCiho.KOgEPSEWVZ-l7t-xw4FuSaQyFuH1dzzI6XcuyMQ4CP0&dib_tag=se&qid=1733493152&rnid=2941120011&s=baby-products-intl-ship&sr=1-19","ALASOU 3PCS Suction Cup Spinner Toys for 1 Year Old Boy Girl|Spinning Top Baby 12 18 Months|1 2 Year Old Boy Birthday Gift|Bath Toys for Kids Ages 1-3|Sensory Toys Stocking Stuffers for Toddlers 1-3","9.","4.7 ",NA
"https://amazon.com/Chuya-Teether-Control-Teething-Infants/dp/B0BYNDL3SW/ref=sr_1_20?dib=eyJ2IjoiMSJ9.8voq3NjF_eT5rw6eZQH9wG6243hE-bhRQUhxziYBIhm0vUbE7R7idyFTZr_WfeTwprbh9_plzgO5bZ2qV7s60FQYTP_Y4rJmr-GyZsY70_VGgnIbHEzu8v1_O3_TRd26ICbvHPE_9MdCvRWFz7oAwoXQE9Vj1dIW7UMpDOz6PGK7d-OEHOjtBW4edplF6HSVHxZZZXigj5xP8SOqI0Bl8u7byhEr7MZULbzZCwI0i3Y7wHghfhww8Cr_VBwq2sckRJzbPjZAd7y2YpD0VmbXhS862ZHm-cSyJi7vG6tCiho.KOgEPSEWVZ-l7t-xw4FuSaQyFuH1dzzI6XcuyMQ4CP0&dib_tag=se&qid=1733493152&rnid=2941120011&s=baby-products-intl-ship&sr=1-20","Chuya Baby Teether Toy Chew Toy for Babies 3-24 Months TV Remote Control Shape Teething Relief Baby Toys for Infants (Black)","6.","4.6 ",NA
"https://amazon.com/Baby-Einstein-Soother-Melodies-Newborns/dp/B07DM86Z43/ref=sr_1_21?dib=eyJ2IjoiMSJ9.8voq3NjF_eT5rw6eZQH9wG6243hE-bhRQUhxziYBIhm0vUbE7R7idyFTZr_WfeTwprbh9_plzgO5bZ2qV7s60FQYTP_Y4rJmr-GyZsY70_VGgnIbHEzu8v1_O3_TRd26ICbvHPE_9MdCvRWFz7oAwoXQE9Vj1dIW7UMpDOz6PGK7d-OEHOjtBW4edplF6HSVHxZZZXigj5xP8SOqI0Bl8u7byhEr7MZULbzZCwI0i3Y7wHghfhww8Cr_VBwq2sckRJzbPjZAd7y2YpD0VmbXhS862ZHm-cSyJi7vG6tCiho.KOgEPSEWVZ-l7t-xw4FuSaQyFuH1dzzI6XcuyMQ4CP0&dib_tag=se&qid=1733493152&rnid=2941120011&s=baby-products-intl-ship&sr=1-21","Baby Einstein Sea Dreams Soother Musical Crib Toy and Sound Machine, Newborn and up","33.","4.6 ",NA
"https://amazon.com/VTech-Pop-a-Balls-Push-Pop-Bulldozer/dp/B06WV7VBY5/ref=sr_1_22?dib=eyJ2IjoiMSJ9.8voq3NjF_eT5rw6eZQH9wG6243hE-bhRQUhxziYBIhm0vUbE7R7idyFTZr_WfeTwprbh9_plzgO5bZ2qV7s60FQYTP_Y4rJmr-GyZsY70_VGgnIbHEzu8v1_O3_TRd26ICbvHPE_9MdCvRWFz7oAwoXQE9Vj1dIW7UMpDOz6PGK7d-OEHOjtBW4edplF6HSVHxZZZXigj5xP8SOqI0Bl8u7byhEr7MZULbzZCwI0i3Y7wHghfhww8Cr_VBwq2sckRJzbPjZAd7y2YpD0VmbXhS862ZHm-cSyJi7vG6tCiho.KOgEPSEWVZ-l7t-xw4FuSaQyFuH1dzzI6XcuyMQ4CP0&dib_tag=se&qid=1733493152&rnid=2941120011&s=baby-products-intl-ship&sr=1-22","VTech Pop-a-Balls Push & Pop Bulldozer,Yellow","18.","4.7 ",NA
"https://amazon.com/Infinno-Activity-Center-Stimulate-Growth/dp/B07XC6YCC5/ref=sr_1_23?dib=eyJ2IjoiMSJ9.8voq3NjF_eT5rw6eZQH9wG6243hE-bhRQUhxziYBIhm0vUbE7R7idyFTZr_WfeTwprbh9_plzgO5bZ2qV7s60FQYTP_Y4rJmr-GyZsY70_VGgnIbHEzu8v1_O3_TRd26ICbvHPE_9MdCvRWFz7oAwoXQE9Vj1dIW7UMpDOz6PGK7d-OEHOjtBW4edplF6HSVHxZZZXigj5xP8SOqI0Bl8u7byhEr7MZULbzZCwI0i3Y7wHghfhww8Cr_VBwq2sckRJzbPjZAd7y2YpD0VmbXhS862ZHm-cSyJi7vG6tCiho.KOgEPSEWVZ-l7t-xw4FuSaQyFuH1dzzI6XcuyMQ4CP0&dib_tag=se&qid=1733493152&rnid=2941120011&s=baby-products-intl-ship&sr=1-23","Infinno Inflatable Tummy Time Mat Premium Baby Water Play Mat for Infants and Toddlers Baby Toys for 3 to 24 Months, Strengthen Your Baby's Muscles, Portable","15.","4.4 ",NA
"https://amazon.com/Colorful-Sensory-Learning-Montessori-6-12-18/dp/B09BB1VS14/ref=sr_1_24?dib=eyJ2IjoiMSJ9.8voq3NjF_eT5rw6eZQH9wG6243hE-bhRQUhxziYBIhm0vUbE7R7idyFTZr_WfeTwprbh9_plzgO5bZ2qV7s60FQYTP_Y4rJmr-GyZsY70_VGgnIbHEzu8v1_O3_TRd26ICbvHPE_9MdCvRWFz7oAwoXQE9Vj1dIW7UMpDOz6PGK7d-OEHOjtBW4edplF6HSVHxZZZXigj5xP8SOqI0Bl8u7byhEr7MZULbzZCwI0i3Y7wHghfhww8Cr_VBwq2sckRJzbPjZAd7y2YpD0VmbXhS862ZHm-cSyJi7vG6tCiho.KOgEPSEWVZ-l7t-xw4FuSaQyFuH1dzzI6XcuyMQ4CP0&dib_tag=se&qid=1733493152&rnid=2941120011&s=baby-products-intl-ship&sr=1-24","MINGKIDS Montessori Toys for 1 Year Old, Toy 6 Pc Multi Sensory Shape, Toddler Developmental Learning Toys Birthday Gifts, Baby Toys 12 Month","12.","4.6 ",NA
